nome,email,tipo,rua,bairro,descricao
Usuario Teste 1,usuario001@teste.com,VAZAMENTO,Rua Teste 1,Cabula,Problema de vazamento registrado pelo usuário
Usuario Teste 2,usuario002@teste.com,VAZAMENTO,Rua Teste 2,Ondina,Problema de vazamento registrado pelo usuário
Usuario Teste 3,usuario003@teste.com,PRESSÃO BAIXA,Rua Teste 3,Brotas,Problema de pressão baixa registrado pelo usuário
Usuario Teste 4,usuario004@teste.com,OUTRO,Rua Teste 4,Barra,Problema de outro registrado pelo usuário
Usuario Teste 5,usuario005@teste.com,SEM ÁGUA,Rua Teste 5,Cabula,Problema de sem água registrado pelo usuário
Usuario Teste 6,usuario006@teste.com,OUTRO,Rua Teste 6,Cabula,Problema de outro registrado pelo usuário
Usuario Teste 7,usuario007@teste.com,PRESSÃO BAIXA,Rua Teste 7,Ondina,Problema de pressão baixa registrado pelo usuário
Usuario Teste 8,usuario008@teste.com,OUTRO,Rua Teste 8,Brotas,Problema de outro registrado pelo usuário
Usuario Teste 9,usuario009@teste.com,SEM ÁGUA,Rua Teste 9,Barra,Problema de sem água registrado pelo usuário
Usuario Teste 10,usuario010@teste.com,SEM ÁGUA,Rua Teste 10,Barra,Problema de sem água registrado pelo usuário
Usuario Teste 11,usuario011@teste.com,VAZAMENTO,Rua Teste 11,Barra,Problema de vazamento registrado pelo usuário
Usuario Teste 12,usuario012@teste.com,PRESSÃO BAIXA,Rua Teste 12,Barra,Problema de pressão baixa registrado pelo usuário
Usuario Teste 13,usuario013@teste.com,OUTRO,Rua Teste 13,Pituba,Problema de outro registrado pelo usuário
Usuario Teste 14,usuario014@teste.com,PRESSÃO BAIXA,Rua Teste 14,Ondina,Problema de pressão baixa registrado pelo usuário
Usuario Teste 15,usuario015@teste.com,SEM ÁGUA,Rua Teste 15,Cabula,Problema de sem água registrado pelo usuário
Usuario Teste 16,usuario016@teste.com,VAZAMENTO,Rua Teste 16,Ondina,Problema de vazamento registrado pelo usuário
Usuario Teste 17,usuario017@teste.com,SEM ÁGUA,Rua Teste 17,Barra,Problema de sem água registrado pelo usuário
Usuario Teste 18,usuario018@teste.com,OUTRO,Rua Teste 18,Pituba,Problema de outro registrado pelo usuário
Usuario Teste 19,usuario019@teste.com,OUTRO,Rua Teste 19,Pituba,Problema de outro registrado pelo usuário
Usuario Teste 20,usuario020@teste.com,PRESSÃO BAIXA,Rua Teste 20,Pituba,Problema de pressão baixa registrado pelo usuário
Usuario Teste 21,usuario021@teste.com,PRESSÃO BAIXA,Rua Teste 21,Brotas,Problema de pressão baixa registrado pelo usuário
Usuario Teste 22,usuario022@teste.com,VAZAMENTO,Rua Teste 22,Barra,Problema de vazamento registrado pelo usuário
Usuario Teste 23,usuario023@teste.com,SEM ÁGUA,Rua Teste 23,Cabula,Problema de sem água registrado pelo usuário
Usuario Teste 24,usuario024@teste.com,SEM ÁGUA,Rua Teste 24,Barra,Problema de sem água registrado pelo usuário
Usuario Teste 25,usuario025@teste.com,VAZAMENTO,Rua Teste 25,Pituba,Problema de vazamento registrado pelo usuário
Usuario Teste 26,usuario026@teste.com,OUTRO,Rua Teste 26,Ondina,Problema de outro registrado pelo usuário
Usuario Teste 27,usuario027@teste.com,OUTRO,Rua Teste 27,Cabula,Problema de outro registrado pelo usuário
Usuario Teste 28,usuario028@teste.com,VAZAMENTO,Rua Teste 28,Cabula,Problema de vazamento registrado pelo usuário
Usuario Teste 29,usuario029@teste.com,SEM ÁGUA,Rua Teste 29,Barra,Problema de sem água registrado pelo usuário
Usuario Teste 30,usuario030@teste.com,OUTRO,Rua Teste 30,Pituba,Problema de outro registrado pelo usuário
Usuario Teste 31,usuario031@teste.com,PRESSÃO BAIXA,Rua Teste 31,Cabula,Problema de pressão baixa registrado pelo usuário
Usuario Teste 32,usuario032@teste.com,SEM ÁGUA,Rua Teste 32,Pituba,Problema de sem água registrado pelo usuário
Usuario Teste 33,usuario033@teste.com,SEM ÁGUA,Rua Teste 33,Barra,Problema de sem água registrado pelo usuário
Usuario Teste 34,usuario034@teste.com,VAZAMENTO,Rua Teste 34,Ondina,Problema de vazamento registrado pelo usuário
Usuario Teste 35,usuario035@teste.com,PRESSÃO BAIXA,Rua Teste 35,Brotas,Problema de pressão baixa registrado pelo usuário
Usuario Teste 36,usuario036@teste.com,OUTRO,Rua Teste 36,Brotas,Problema de outro registrado pelo usuário
Usuario Teste 37,usuario037@teste.com,OUTRO,Rua Teste 37,Brotas,Problema de outro registrado pelo usuário
Usuario Teste 38,usuario038@teste.com,OUTRO,Rua Teste 38,Brotas,Problema de outro registrado pelo usuário
Usuario Teste 39,usuario039@teste.com,PRESSÃO BAIXA,Rua Teste 39,Pituba,Problema de pressão baixa registrado pelo usuário
Usuario Teste 40,usuario040@teste.com,OUTRO,Rua Teste 40,Brotas,Problema de outro registrado pelo usuário
Usuario Teste 41,usuario041@teste.com,VAZAMENTO,Rua Teste 41,Pituba,Problema de vazamento registrado pelo usuário
Usuario Teste 42,usuario042@teste.com,PRESSÃO BAIXA,Rua Teste 42,Brotas,Problema de pressão baixa registrado pelo usuário
Usuario Teste 43,usuario043@teste.com,OUTRO,Rua Teste 43,Pituba,Problema de outro registrado pelo usuário
Usuario Teste 44,usuario044@teste.com,VAZAMENTO,Rua Teste 44,Cabula,Problema de vazamento registrado pelo usuário
Usuario Teste 45,usuario045@teste.com,OUTRO,Rua Teste 45,Pituba,Problema de outro registrado pelo usuário
Usuario Teste 46,usuario046@teste.com,PRESSÃO BAIXA,Rua Teste 46,Pituba,Problema de pressão baixa registrado pelo usuário
Usuario Teste 47,usuario047@teste.com,VAZAMENTO,Rua Teste 47,Pituba,Problema de vazamento registrado pelo usuário
Usuario Teste 48,usuario048@teste.com,VAZAMENTO,Rua Teste 48,Ondina,Problema de vazamento registrado pelo usuário
Usuario Teste 49,usuario049@teste.com,OUTRO,Rua Teste 49,Cabula,Problema de outro registrado pelo usuário
Usuario Teste 50,usuario050@teste.com,VAZAMENTO,Rua Teste 50,Brotas,Problema de vazamento registrado pelo usuário
Usuario Teste 51,usuario051@teste.com,VAZAMENTO,Rua Teste 51,Brotas,Problema de vazamento registrado pelo usuário
Usuario Teste 52,usuario052@teste.com,VAZAMENTO,Rua Teste 52,Brotas,Problema de vazamento registrado pelo usuário
Usuario Teste 53,usuario053@teste.com,SEM ÁGUA,Rua Teste 53,Brotas,Problema de sem água registrado pelo usuário
Usuario Teste 54,usuario054@teste.com,PRESSÃO BAIXA,Rua Teste 54,Cabula,Problema de pressão baixa registrado pelo usuário
Usuario Teste 55,usuario055@teste.com,OUTRO,Rua Teste 55,Cabula,Problema de outro registrado pelo usuário
Usuario Teste 56,usuario056@teste.com,OUTRO,Rua Teste 56,Cabula,Problema de outro registrado pelo usuário
Usuario Teste 57,usuario057@teste.com,PRESSÃO BAIXA,Rua Teste 57,Pituba,Problema de pressão baixa registrado pelo usuário
Usuario Teste 58,usuario058@teste.com,PRESSÃO BAIXA,Rua Teste 58,Ondina,Problema de pressão baixa registrado pelo usuário
Usuario Teste 59,usuario059@teste.com,VAZAMENTO,Rua Teste 59,Pituba,Problema de vazamento registrado pelo usuário
Usuario Teste 60,usuario060@teste.com,VAZAMENTO,Rua Teste 60,Brotas,Problema de vazamento registrado pelo usuário
Usuario Teste 61,usuario061@teste.com,PRESSÃO BAIXA,Rua Teste 61,Cabula,Problema de pressão baixa registrado pelo usuário
Usuario Teste 62,usuario062@teste.com,VAZAMENTO,Rua Teste 62,Cabula,Problema de vazamento registrado pelo usuário
Usuario Teste 63,usuario063@teste.com,OUTRO,Rua Teste 63,Ondina,Problema de outro registrado pelo usuário
Usuario Teste 64,usuario064@teste.com,OUTRO,Rua Teste 64,Pituba,Problema de outro registrado pelo usuário
Usuario Teste 65,usuario065@teste.com,OUTRO,Rua Teste 65,Barra,Problema de outro registrado pelo usuário
Usuario Teste 66,usuario066@teste.com,SEM ÁGUA,Rua Teste 66,Cabula,Problema de sem água registrado pelo usuário
Usuario Teste 67,usuario067@teste.com,VAZAMENTO,Rua Teste 67,Pituba,Problema de vazamento registrado pelo usuário
Usuario Teste 68,usuario068@teste.com,VAZAMENTO,Rua Teste 68,Barra,Problema de vazamento registrado pelo usuário
Usuario Teste 69,usuario069@teste.com,SEM ÁGUA,Rua Teste 69,Pituba,Problema de sem água registrado pelo usuário
Usuario Teste 70,usuario070@teste.com,PRESSÃO BAIXA,Rua Teste 70,Ondina,Problema de pressão baixa registrado pelo usuário
Usuario Teste 71,usuario071@teste.com,PRESSÃO BAIXA,Rua Teste 71,Cabula,Problema de pressão baixa registrado pelo usuário
Usuario Teste 72,usuario072@teste.com,SEM ÁGUA,Rua Teste 72,Ondina,Problema de sem água registrado pelo usuário
Usuario Teste 73,usuario073@teste.com,SEM ÁGUA,Rua Teste 73,Pituba,Problema de sem água registrado pelo usuário
Usuario Teste 74,usuario074@teste.com,SEM ÁGUA,Rua Teste 74,Barra,Problema de sem água registrado pelo usuário
Usuario Teste 75,usuario075@teste.com,PRESSÃO BAIXA,Rua Teste 75,Barra,Problema de pressão baixa registrado pelo usuário
Usuario Teste 76,usuario076@teste.com,OUTRO,Rua Teste 76,Pituba,Problema de outro registrado pelo usuário
Usuario Teste 77,usuario077@teste.com,OUTRO,Rua Teste 77,Brotas,Problema de outro registrado pelo usuário
Usuario Teste 78,usuario078@teste.com,OUTRO,Rua Teste 78,Barra,Problema de outro registrado pelo usuário
Usuario Teste 79,usuario079@teste.com,PRESSÃO BAIXA,Rua Teste 79,Barra,Problema de pressão baixa registrado pelo usuário
Usuario Teste 80,usuario080@teste.com,OUTRO,Rua Teste 80,Cabula,Problema de outro registrado pelo usuário
Usuario Teste 81,usuario081@teste.com,VAZAMENTO,Rua Teste 81,Ondina,Problema de vazamento registrado pelo usuário
Usuario Teste 82,usuario082@teste.com,VAZAMENTO,Rua Teste 82,Barra,Problema de vazamento registrado pelo usuário
Usuario Teste 83,usuario083@teste.com,SEM ÁGUA,Rua Teste 83,Pituba,Problema de sem água registrado pelo usuário
Usuario Teste 84,usuario084@teste.com,PRESSÃO BAIXA,Rua Teste 84,Brotas,Problema de pressão baixa registrado pelo usuário
Usuario Teste 85,usuario085@teste.com,PRESSÃO BAIXA,Rua Teste 85,Ondina,Problema de pressão baixa registrado pelo usuário
Usuario Teste 86,usuario086@teste.com,VAZAMENTO,Rua Teste 86,Cabula,Problema de vazamento registrado pelo usuário
Usuario Teste 87,usuario087@teste.com,OUTRO,Rua Teste 87,Cabula,Problema de outro registrado pelo usuário
Usuario Teste 88,usuario088@teste.com,OUTRO,Rua Teste 88,Ondina,Problema de outro registrado pelo usuário
Usuario Teste 89,usuario089@teste.com,SEM ÁGUA,Rua Teste 89,Cabula,Problema de sem água registrado pelo usuário
Usuario Teste 90,usuario090@teste.com,VAZAMENTO,Rua Teste 90,Barra,Problema de vazamento registrado pelo usuário
Usuario Teste 91,usuario091@teste.com,SEM ÁGUA,Rua Teste 91,Brotas,Problema de sem água registrado pelo usuário
Usuario Teste 92,usuario092@teste.com,OUTRO,Rua Teste 92,Barra,Problema de outro registrado pelo usuário
Usuario Teste 93,usuario093@teste.com,OUTRO,Rua Teste 93,Brotas,Problema de outro registrado pelo usuário
Usuario Teste 94,usuario094@teste.com,SEM ÁGUA,Rua Teste 94,Brotas,Problema de sem água registrado pelo usuário
Usuario Teste 95,usuario095@teste.com,VAZAMENTO,Rua Teste 95,Brotas,Problema de vazamento registrado pelo usuário
Usuario Teste 96,usuario096@teste.com,SEM ÁGUA,Rua Teste 96,Pituba,Problema de sem água registrado pelo usuário
Usuario Teste 97,usuario097@teste.com,PRESSÃO BAIXA,Rua Teste 97,Brotas,Problema de pressão baixa registrado pelo usuário
Usuario Teste 98,usuario098@teste.com,VAZAMENTO,Rua Teste 98,Brotas,Problema de vazamento registrado pelo usuário
Usuario Teste 99,usuario099@teste.com,VAZAMENTO,Rua Teste 99,Ondina,Problema de vazamento registrado pelo usuário
Usuario Teste 100,usuario100@teste.com,VAZAMENTO,Rua Teste 100,Ondina,Problema de vazamento registrado pelo usuário
