email,senha
usuario001@teste.com,123456789123
usuario002@teste.com,123456789123
usuario003@teste.com,123456789123
usuario004@teste.com,123456789123
usuario005@teste.com,123456789123
usuario006@teste.com,123456789123
usuario007@teste.com,123456789123
usuario008@teste.com,123456789123
usuario009@teste.com,123456789123
usuario010@teste.com,123456789123
usuario011@teste.com,123456789123
usuario012@teste.com,123456789123
usuario013@teste.com,123456789123
usuario014@teste.com,123456789123
usuario015@teste.com,123456789123
usuario016@teste.com,123456789123
usuario017@teste.com,123456789123
usuario018@teste.com,123456789123
usuario019@teste.com,123456789123
usuario020@teste.com,123456789123
usuario021@teste.com,123456789123
usuario022@teste.com,123456789123
usuario023@teste.com,123456789123
usuario024@teste.com,123456789123
usuario025@teste.com,123456789123
usuario026@teste.com,123456789123
usuario027@teste.com,123456789123
usuario028@teste.com,123456789123
usuario029@teste.com,123456789123
usuario030@teste.com,123456789123
usuario031@teste.com,123456789123
usuario032@teste.com,123456789123
usuario033@teste.com,123456789123
usuario034@teste.com,123456789123
usuario035@teste.com,123456789123
usuario036@teste.com,123456789123
usuario037@teste.com,123456789123
usuario038@teste.com,123456789123
usuario039@teste.com,123456789123
usuario040@teste.com,123456789123
usuario041@teste.com,123456789123
usuario042@teste.com,123456789123
usuario043@teste.com,123456789123
usuario044@teste.com,123456789123
usuario045@teste.com,123456789123
usuario046@teste.com,123456789123
usuario047@teste.com,123456789123
usuario048@teste.com,123456789123
usuario049@teste.com,123456789123
usuario050@teste.com,123456789123
usuario051@teste.com,123456789123
usuario052@teste.com,123456789123
usuario053@teste.com,123456789123
usuario054@teste.com,123456789123
usuario055@teste.com,123456789123
usuario056@teste.com,123456789123
usuario057@teste.com,123456789123
usuario058@teste.com,123456789123
usuario059@teste.com,123456789123
usuario060@teste.com,123456789123
usuario061@teste.com,123456789123
usuario062@teste.com,123456789123
usuario063@teste.com,123456789123
usuario064@teste.com,123456789123
usuario065@teste.com,123456789123
usuario066@teste.com,123456789123
usuario067@teste.com,123456789123
usuario068@teste.com,123456789123
usuario069@teste.com,123456789123
usuario070@teste.com,123456789123
usuario071@teste.com,123456789123
usuario072@teste.com,123456789123
usuario073@teste.com,123456789123
usuario074@teste.com,123456789123
usuario075@teste.com,123456789123
usuario076@teste.com,123456789123
usuario077@teste.com,123456789123
usuario078@teste.com,123456789123
usuario079@teste.com,123456789123
usuario080@teste.com,123456789123
usuario081@teste.com,123456789123
usuario082@teste.com,123456789123
usuario083@teste.com,123456789123
usuario084@teste.com,123456789123
usuario085@teste.com,123456789123
usuario086@teste.com,123456789123
usuario087@teste.com,123456789123
usuario088@teste.com,123456789123
usuario089@teste.com,123456789123
usuario090@teste.com,123456789123
usuario091@teste.com,123456789123
usuario092@teste.com,123456789123
usuario093@teste.com,123456789123
usuario094@teste.com,123456789123
usuario095@teste.com,123456789123
usuario096@teste.com,123456789123
usuario097@teste.com,123456789123
usuario098@teste.com,123456789123
usuario099@teste.com,123456789123
usuario100@teste.com,123456789123
